id,conversation_id,created_at,date,time,timezone,user_id,username,name,place,tweet,language,mentions,urls,photos,replies_count,retweets_count,likes_count,hashtags,cashtags,link,retweet,quote_url,video,thumbnail,near,geo,source,user_rt_id,user_rt,retweet_id,reply_to,retweet_date,translate,trans_src,trans_dest
1497806223193878529,1497806223193878529,2022-02-27 11:00:06 India Standard Time,2022-02-27,11:00:06,+0530,255924292,techcircleindia,TechCircle,,RBI must address three key questions before digital rupee launch.  #RBI #digitalrupee @RBI @KwatraNikita @HAdarkar @theviksinha   https://t.co/3W3i74MWPT,en,"[{'screen_name': 'rbi', 'name': 'reservebankofindia', 'id': '478432912'}, {'screen_name': 'kwatranikita', 'name': 'nikita kwatra', 'id': '264646234'}, {'screen_name': 'hadarkar', 'name': 'hemant adarkar', 'id': '124233474'}, {'screen_name': 'theviksinha', 'name': 'vikram sinha', 'id': '144080462'}]",['https://bit.ly/3LYQcmc'],[],0,1,2,"['rbi', 'digitalrupee']",[],https://twitter.com/TechCircleIndia/status/1497806223193878529,False,,0,,,,,,,,[],,,,
1497494786336444417,1497494786336444417,2022-02-26 14:22:33 India Standard Time,2022-02-26,14:22:33,+0530,1035703436300283906,davidpremier,DAVID PREMIER,,Will the RBI-Issued #DigitalRupee Based on #Blockchain Technology Be a Big Boon For India? - Outlook India  https://t.co/1ma1XnAOg5  https://t.co/jQy3v7ArkR,en,[],['https://www.outlookindia.com/business/will-the-rbi-issued-digital-rupee-based-on-blockchain-technology-be-a-big-boon-for-india--news-184115?utm_source=dlvr.it&utm_medium=twitter'],['https://pbs.twimg.com/media/FMgrkoyUcAEk9C-.jpg'],0,0,0,"['digitalrupee', 'blockchain']",[],https://twitter.com/davidpremier/status/1497494786336444417,False,,1,https://pbs.twimg.com/media/FMgrkoyUcAEk9C-.jpg,,,,,,,[],,,,
1497418644523040770,1497418644523040770,2022-02-26 09:20:00 India Standard Time,2022-02-26,09:20:00,+0530,22763833,outlookindia,Outlook Magazine,,"#OutlookMoney | @RBI is planning to introduce a #blockchain-based #DigitalCurrency   #DigitalRupee is likely to cater to educated and technology-savvy users, but the replacement of extant modes like cash and traditional banking is questionable  Read more:  https://t.co/bk9m7exoHV",en,"[{'screen_name': 'rbi', 'name': 'reservebankofindia', 'id': '478432912'}]",['https://www.outlookindia.com/business/will-the-rbi-issued-digital-rupee-based-on-blockchain-technology-be-a-big-boon-for-india--news-184115'],[],0,0,0,"['outlookmoney', 'blockchain', 'digitalcurrency', 'digitalrupee']",[],https://twitter.com/Outlookindia/status/1497418644523040770,False,,0,,,,,,,,[],,,,
1497159832608346116,1497159832608346116,2022-02-25 16:11:34 India Standard Time,2022-02-25,16:11:34,+0530,986921697638043649,viralbake,Viral Bake,,Digital Rupee Will Be A Better Than UPI Payment System; Find How? . . #Business #BusinessNews #DigitalRupee #UPI #Payments #FridayFeeling    https://t.co/dPCSKjue5E,en,[],['https://www.viralbake.com/digital-rupee-will-be-a-better-than-upi-payment-system-find-how/'],[],0,4,4,"['business', 'businessnews', 'digitalrupee', 'upi', 'payments', 'fridayfeeling']",[],https://twitter.com/viralbake/status/1497159832608346116,False,,0,,,,,,,,[],,,,
1497146271827591171,1497146271827591171,2022-02-25 15:17:41 India Standard Time,2022-02-25,15:17:41,+0530,4060155855,teamsignzy,Signzy,,"What is the Digital Rupee? Is it here to stay? Is it safe? Don‚Äôt worry, we got you covered. Here are the Top 4 must know facts about the Digital Rupee that will help you lean back, relax and get a grasp of the turns: #signzy #cryptocurrencies #digitalrupee #RBI #CBDC #cryptobill  https://t.co/Vah9wCywH9",en,[],[],"['https://pbs.twimg.com/media/FMbukm1VkAMePeF.jpg', 'https://pbs.twimg.com/media/FMbukm0VUAMajs5.jpg', 'https://pbs.twimg.com/media/FMbukm0VkAEhbN7.jpg', 'https://pbs.twimg.com/media/FMbukmyVkAcLoYz.jpg']",0,0,2,"['signzy', 'cryptocurrencies', 'digitalrupee', 'rbi', 'cbdc', 'cryptobill']",[],https://twitter.com/TeamSignzy/status/1497146271827591171,False,,1,https://pbs.twimg.com/media/FMbukm1VkAMePeF.jpg,,,,,,,[],,,,
1497088001700106240,1497088001700106240,2022-02-25 11:26:08 India Standard Time,2022-02-25,11:26:08,+0530,1463098096280236036,tethercommunity,Tether,,"Tether presents to you 'The Emergence of India's Digital Currency'.  Register now at  https://t.co/BWiVESgxUH Happening today! 4.30 pm onwards, see you there!   #Live #Budget #DigitalIndia #IndianDigitalCurrency #DigitalRupee #Events #TetherEvents #Blockchain  https://t.co/JBeG8jn6Mj",en,[],['https://tether.community/events/digitalcurrency/'],['https://pbs.twimg.com/media/FMa5du5VEAEZ6Lx.jpg'],0,0,1,"['live', 'budget', 'digitalindia', 'indiandigitalcurrency', 'digitalrupee', 'events', 'tetherevents', 'blockchain']",[],https://twitter.com/TetherCommunity/status/1497088001700106240,False,,1,https://pbs.twimg.com/media/FMa5du5VEAEZ6Lx.jpg,,,,,,,[],,,,
1496763374482325505,1496763374482325505,2022-02-24 13:56:11 India Standard Time,2022-02-24,13:56:11,+0530,68927629,moneycontrolcom,Moneycontrol,,"#MCProOpinion: India‚Äôs decision to launch a CBDC, or digital rupee, is apt. What will matter is the timing and design of the product.  by Aasheerwad Dwivedi | #CBDC #DigitalRupee   https://t.co/Gr5ND40iIR",en,[],['https://www.moneycontrol.com/news/opinion/cbdc-for-india-timing-and-design-are-the-key-8157361.html'],[],1,3,22,"['mcproopinion', 'cbdc', 'digitalrupee']",[],https://twitter.com/moneycontrolcom/status/1496763374482325505,False,,0,,,,,,,,[],,,,
1496734148954038273,1496734148954038273,2022-02-24 12:00:03 India Standard Time,2022-02-24,12:00:03,+0530,1169509628817731584,arvogsocial,Arvog,,"A boost to the economy: A digital rupee will be like banknotes, but minus the ATM (plus it will be a direct liability to RBI). Digital currency will also lead to a more efficient and cheaper currency management system.  Follow us for more news updates   #Arvog #DigitalRupee  https://t.co/5pHg9Gvbk6",en,[],[],['https://pbs.twimg.com/media/FMV3xu8XwAEmTbX.jpg'],0,0,1,"['arvog', 'digitalrupee']",[],https://twitter.com/ArvogSocial/status/1496734148954038273,False,,1,https://pbs.twimg.com/media/FMV3xu8XwAEmTbX.jpg,,,,,,,[],,,,
1496718475070377984,1496718475070377984,2022-02-24 10:57:46 India Standard Time,2022-02-24,10:57:46,+0530,255924292,techcircleindia,TechCircle,,RBI must address three key questions before digital rupee launch.  #RBI #digitalrupee @RBI @KwatraNikita @HAdarkar @theviksinha   https://t.co/3W3i754xHr,en,"[{'screen_name': 'rbi', 'name': 'reservebankofindia', 'id': '478432912'}, {'screen_name': 'kwatranikita', 'name': 'nikita kwatra', 'id': '264646234'}, {'screen_name': 'hadarkar', 'name': 'hemant adarkar', 'id': '124233474'}, {'screen_name': 'theviksinha', 'name': 'vikram sinha', 'id': '144080462'}]",['https://bit.ly/3LYQcmc'],[],0,0,2,"['rbi', 'digitalrupee']",[],https://twitter.com/TechCircleIndia/status/1496718475070377984,False,,0,,,,,,,,[],,,,
1496583425062424581,1496583425062424581,2022-02-24 02:01:08 India Standard Time,2022-02-24,02:01:08,+0530,22168349,sarbjeetjohal,Sarbjeet Johal,,Latest #CBDCs status‚Ä¶   Source:  https://t.co/qD5PBAPmbg  #cryptocurrency #crypto #digitalrupee  https://t.co/KOUOdrKUu3,en,[],['https://www.atlanticcouncil.org/cbdctracker/'],['https://pbs.twimg.com/media/FMTusXnVQAA0eqK.jpg'],0,0,1,"['cbdcs', 'cryptocurrency', 'crypto', 'digitalrupee']",[],https://twitter.com/sarbjeetjohal/status/1496583425062424581,False,,1,https://pbs.twimg.com/media/FMTusXnVQAA0eqK.jpg,,,,,,,[],,,,
1496492471765053440,1496492471765053440,2022-02-23 19:59:43 India Standard Time,2022-02-23,19:59:43,+0530,1463098096280236036,tethercommunity,Tether,,"2 days to go!  Tether presents to you 'The Emergence of India's Digital Currency', a panel discussion by eminent speakers. Register now at  https://t.co/BWiVERZuSH  #DigitalIndia #IndianDigitalCurrency #DigitalRupee #Events #TetherEvents  https://t.co/1sE2qt5di7",en,[],['https://tether.community/events/digitalcurrency/'],['https://pbs.twimg.com/media/FMSbyD3VIAQEBHw.jpg'],0,1,1,"['digitalindia', 'indiandigitalcurrency', 'digitalrupee', 'events', 'tetherevents']",[],https://twitter.com/TetherCommunity/status/1496492471765053440,False,,1,https://pbs.twimg.com/media/FMSbyD3VIAQEBHw.jpg,,,,,,,[],,,,
1496478478845284361,1496478478845284361,2022-02-23 19:04:07 India Standard Time,2022-02-23,19:04:07,+0530,371350945,sangle_vi,Vivekanand Sangle,,"the #CBDC is eventually implemented using blockchain, multiple systems will be replaced by a single ledger shared across ecosystem participants, thereby eliminating the need for multiple stakeholders.#digitalrupee @LoharPrasanna  https://t.co/iMRQhlwmbY",en,"[{'screen_name': 'loharprasanna', 'name': 'prasanna lohar', 'id': '2152762951'}]",['https://www.livemint.com/news/india/indias-cbdc-may-reduce-need-for-card-networks-payment-gateways-11644562679281.html'],[],0,2,1,"['cbdc', 'digitalrupee']",[],https://twitter.com/Sangle_vi/status/1496478478845284361,False,,0,,,,,,,,[],,,,
1496450951682871307,1496450951682871307,2022-02-23 17:14:44 India Standard Time,2022-02-23,17:14:44,+0530,551766907,rvkscas,@RVKSCAs,,How will digital rupee transactions happen? Will it be different from #UPI Payment? #digitalrupee  https://t.co/G5ms2SslLt,en,[],[],['https://pbs.twimg.com/media/FMR2MdyaAAIIjbK.jpg'],0,0,0,"['upi', 'digitalrupee']",[],https://twitter.com/RVKSCAs/status/1496450951682871307,False,,1,https://pbs.twimg.com/media/FMR2MdyaAAIIjbK.jpg,,,,,,,[],,,,
1496449816888750080,1496449816888750080,2022-02-23 17:10:13 India Standard Time,2022-02-23,17:10:13,+0530,17709663,rbansal79,Richa Bansal,,"Budget announcments on #cryptotaxation &amp; #digitalrupee generated curiosity &amp; Qs. Vidhi has released research on a potential crypto law &amp; digital currency for India. Read a curated (videos,blogs,opeds etc.) analysis by Ashima, Alok, @shehnazahmed, Yeesha üëá  https://t.co/qVVPcFu8bA",en,"[{'screen_name': 'shehnazahmed', 'name': 'shehnaz ahmed', 'id': '77745793'}]",['https://vidhilegalpolicy.in/blog/understanding-crypto-assets-and-digital-currency/'],[],0,1,0,"['cryptotaxation', 'digitalrupee']",[],https://twitter.com/rbansal79/status/1496449816888750080,False,,0,,,,,,,,[],,,,
1496417869772787715,1496417869772787715,2022-02-23 15:03:16 India Standard Time,2022-02-23,15:03:16,+0530,400630125,theweeklive,THE WEEK,,"FROM THE MAGAZINE | The proposed ‚Äòdigital rupee‚Äô in Union Budget 2022 looks like a silver bullet aimed at slowing the cryptocurrency boom. It could, however, end up with significant collateral damage, writes Sunil K. Thomas.  #digitalrupee #cryptocurrency   https://t.co/i5h9Tsi3QO",en,[],['https://www.theweek.in/theweek/business/2022/02/19/the-promise-of-digital-rupee-and-the-subsequent-collateral-damage.html'],[],0,0,0,"['digitalrupee', 'cryptocurrency']",[],https://twitter.com/TheWeekLive/status/1496417869772787715,False,,0,,,,,,,,[],,,,
1496417775698518017,1496417775698518017,2022-02-23 15:02:54 India Standard Time,2022-02-23,15:02:54,+0530,956503944817184768,newmoneyreview,Paul Amery,,India's digital currency leap shows the way ahead for countries around the world   https://t.co/kvmWYgucLC  #CBDC #DigitalIndia #digitalrupee #digitization,en,[],['https://newmoneyreview.com/index.php/2022/02/18/indias-digital-currency-leap/'],[],0,0,0,"['cbdc', 'digitalindia', 'digitalrupee', 'digitization']",[],https://twitter.com/newmoneyreview/status/1496417775698518017,False,,0,,,,,,,,[],,,,
1496410685215227905,1496410685215227905,2022-02-23 14:34:43 India Standard Time,2022-02-23,14:34:43,+0530,68927629,moneycontrolcom,Moneycontrol,,"India's upcoming #CBDC may be seen in some quarters as a way to replace the public's thirst for private cryptocurrencies.   @SiddharthUbiWan tells us what will the @RBI's CBDC look like, how would you differentiate between a normal rupee &amp; a #DigitalRupee.  https://t.co/74xHuDAdhH",en,"[{'screen_name': 'siddharthubiwan', 'name': 'baarish benefits', 'id': '1207560924279668736'}, {'screen_name': 'rbi', 'name': 'reservebankofindia', 'id': '478432912'}]",['https://www.moneycontrol.com/news/business/rbis-digital-currency-what-the-global-experience-holds-for-india-8153091.html'],[],0,4,3,"['cbdc', 'digitalrupee']",[],https://twitter.com/moneycontrolcom/status/1496410685215227905,False,,0,,,,,,,,[],,,,
1496158687337066505,1496158687337066505,2022-02-22 21:53:23 India Standard Time,2022-02-22,21:53:23,+0530,1160285498281119744,sagarblogger88,Sagar A. üáÆüá≥,, https://t.co/GxQMP9z6Ia available for sale ‚úÖ  Business name for #digitalrupee crypto platform.  #IndiaWantsCrypto #inr #RBI #inrcoin #rupeecoin #rupeecrypto #business #startupindia #SharkTankIndia,en,[],['http://INRCoin.co'],[],0,0,4,"['digitalrupee', 'indiawantscrypto', 'inr', 'rbi', 'inrcoin', 'rupeecoin', 'rupeecrypto', 'business', 'startupindia', 'sharktankindia']",[],https://twitter.com/sagarblogger88/status/1496158687337066505,False,,0,,,,,,,,[],,,,
1496087206720831492,1496087206720831492,2022-02-22 17:09:20 India Standard Time,2022-02-22,17:09:20,+0530,1149193552431210496,asianetnewshn,Asianetnews Hindi,,‡§ï‡•à‡§∏‡•á ‡§π‡•ã‡§ó‡§æ ‡§°‡§ø‡§ú‡§ø‡§ü‡§≤ ‡§∞‡•Å‡§™‡§Ø‡§æ ‡§∏‡•á ‡§ü‡•ç‡§∞‡§æ‡§Ç‡§ú‡•á‡§ï‡•ç‚Äç‡§∂‡§®? UPI ‡§™‡•á‡§Æ‡•á‡§Ç‡§ü ‡§∏‡•á ‡§ï‡§ø‡§§‡§®‡§æ ‡§π‡•ã‡§ó‡§æ ‡§Ö‡§≤‡§ó? ‡§ú‡§æ‡§®‡§ø‡§è ‡§Ø‡§π‡§æ‡§Ç  #RBI | #DigitalRupee | #Banking   https://t.co/uUdnFW6iHz,hi,[],['https://hindi.asianetnews.com/business-news/how-to-transaction-with-digital-rupee-different-from-upi-payment-know-here-ssa-r7pek9'],[],0,3,4,"['rbi', 'digitalrupee', 'banking']",[],https://twitter.com/AsianetNewsHN/status/1496087206720831492,False,,0,,,,,,,,[],,,,
1496076774723432456,1496076774723432456,2022-02-22 16:27:53 India Standard Time,2022-02-22,16:27:53,+0530,148674279,smtgpt,Sumit Gupta (CoinDCX),,"Shared my thoughts on crypto, CBDC, crypto taxation and more. Read it here.  https://t.co/3Uq44C911j  #Crypto #CBDC #Blockchain #DigitalRupee #CryptoTaxation #Opinion",en,[],['https://www.theweek.in/theweek/business/2022/02/19/digital-currency-and-crypto-go-hand-in-hand.html'],[],24,23,72,"['crypto', 'cbdc', 'blockchain', 'digitalrupee', 'cryptotaxation', 'opinion']",[],https://twitter.com/smtgpt/status/1496076774723432456,False,,0,,,,,,,,[],,,,
1496023978405941252,1496022956996427784,2022-02-22 12:58:05 India Standard Time,2022-02-22,12:58:05,+0530,1434106097749532676,b04092021,Human,,#DigitalCurrency #DigitalRupee #DigitalIndia #India,und,[],[],[],0,0,1,"['digitalcurrency', 'digitalrupee', 'digitalindia', 'india']",[],https://twitter.com/B04092021/status/1496023978405941252,False,,0,,,,,,,,[],,,,
1496005933067116547,1496004989923246082,2022-02-22 11:46:23 India Standard Time,2022-02-22,11:46:23,+0530,68927629,moneycontrolcom,Moneycontrol,,#MCProOpinion: A digital rupee could diminish commercial banks‚Äô ability to leverage capital.  Read at ‚§µÔ∏è  https://t.co/AIXHDoQFcX  by @sashi31363 | #DigitalRupee #RBI,en,"[{'screen_name': 'sashi31363', 'name': 'sashi sivramkrishna', 'id': '2748878090'}]",['https://www.moneycontrol.com/news/opinion/digital-rupee-will-commercial-banks-still-be-needed-for-credit-creation-8145961.html'],[],2,1,3,"['mcproopinion', 'digitalrupee', 'rbi']",[],https://twitter.com/moneycontrolcom/status/1496005933067116547,False,,0,,,,,,,,[],,,,
1496003165002608641,1496003165002608641,2022-02-22 11:35:23 India Standard Time,2022-02-22,11:35:23,+0530,1853508032,isangeetaojha,Sangeeta Ojha,,"With the govt announcing its proposal to launch a digital rupee very soon, curiosity is high as to how its transaction will take place. #digitalrupee",en,[],[],[],0,0,0,['digitalrupee'],[],https://twitter.com/isangeetaojha/status/1496003165002608641,False,https://twitter.com/livemint/status/1495999292045086724,0,,,,,,,,[],,,,
1495996781229850626,1495996781229850626,2022-02-22 11:10:01 India Standard Time,2022-02-22,11:10:01,+0530,1435568221289992196,dellyranksindia,DellyRanks,,How will digital rupee transactions happen? Different from UPI Payment? #digitalrupee #digitalrupeetransactions #UPIpayment  https://t.co/mFyiCjvfZg  https://t.co/sjc44yvkc2,en,[],"['https://dellyranks.com/how-will-digital-rupee-transactions-happen-different-from-upi-payment/?feed_id=80529&_unique_id=62147730899cf', 'https://tinyurl.com/y9vszfmr']",[],0,0,0,"['digitalrupee', 'digitalrupeetransactions', 'upipayment']",[],https://twitter.com/dellyranksindia/status/1495996781229850626,False,,0,,,,,,,,[],,,,
1495794958380548097,1495794958380548097,2022-02-21 21:48:03 India Standard Time,2022-02-21,21:48:03,+0530,956503944817184768,newmoneyreview,Paul Amery,,"Don't miss ""India's digital currency leap"" in our latest #podcast   The South Asian giant has built the most digital infrastructure in the world during the last decade.  Now it's moving ahead with a new #digitalrupee.   https://t.co/kvmWYgucLC",en,[],['https://newmoneyreview.com/index.php/2022/02/18/indias-digital-currency-leap/'],[],0,0,0,"['podcast', 'digitalrupee']",[],https://twitter.com/newmoneyreview/status/1495794958380548097,False,,0,,,,,,,,[],,,,
1495790700478222343,1495790700478222343,2022-02-21 21:31:08 India Standard Time,2022-02-21,21:31:08,+0530,26204785,dhlglobal,DHL Global Trade,,"Digital currencies are here to stay, as Governments continue to adopt them. Read more on #India's upcoming currency, possibly called the #DigitalRupee:  https://t.co/srpsfqwbZj  https://t.co/I7SxHCDNX8",en,[],['https://kntn.ly/097ffe74'],['https://pbs.twimg.com/media/FMIdtxNX0AMQZV6.jpg'],0,1,1,"['india', 'digitalrupee']",[],https://twitter.com/DHLGlobal/status/1495790700478222343,False,,1,https://pbs.twimg.com/media/FMIdtxNX0AMQZV6.jpg,,,,,,,[],,,,
1495730992157696000,1495730992157696000,2022-02-21 17:33:52 India Standard Time,2022-02-21,17:33:52,+0530,1117306484365373441,theweekbusines1,K Sunil Thomas - The Week/Malayala Manorama,,"(From print mag) Bits and bytes, the future of the rupee #DigitalCurrency #digitalrupee @smtgpt @CoinDCX @BuddhaSource @WazirXIndia @nsitharamanoffc @FinMinIndia @PIB_India #Crypto #Cryptoindia #CryptocurrencyNews  https://t.co/49v6Q5kFaJ",en,"[{'screen_name': 'smtgpt', 'name': 'sumit gupta (coindcx)', 'id': '148674279'}, {'screen_name': 'coindcx', 'name': 'coindcx: making crypto accessible to indians', 'id': '968118294174666752'}, {'screen_name': 'buddhasource', 'name': 'siddharth ( wazirx ) #ethdenver', 'id': '29750996'}, {'screen_name': 'wazirxindia', 'name': 'wazirx: india ka bitcoin exchange', 'id': '955744720092835841'}, {'screen_name': 'nsitharamanoffc', 'name': 'nsitharamanoffice', 'id': '912211757363367936'}, {'screen_name': 'finminindia', 'name': 'ministry of finance', 'id': '2613904818'}, {'screen_name': 'pib_india', 'name': 'pib india', 'id': '231033118'}]",['https://www.theweek.in/theweek/business/2022/02/19/the-promise-of-digital-rupee-and-the-subsequent-collateral-damage.html'],[],0,0,0,"['digitalcurrency', 'digitalrupee', 'crypto', 'cryptoindia', 'cryptocurrencynews']",[],https://twitter.com/theweekbusines1/status/1495730992157696000,False,,0,,,,,,,,[],,,,
1495694051387273216,1495694051387273216,2022-02-21 15:07:05 India Standard Time,2022-02-21,15:07:05,+0530,924916637547073536,pradeeppdamle,Pradeep Damle,,Decoding India‚Äôs CBDC Project ‚Äì The Ambitious Plan To Launch India‚Äôs Digital Currency #CBDC #DigitalRupee #India #blockchain   Full Read:  https://t.co/8odufjnKtI  https://t.co/SafDdmABXG,en,[],['https://inc42.com/features/decoding-indias-cbdc-project-the-ambitious-plan-to-launch-indias-digital-currency/'],['https://pbs.twimg.com/media/FMHFw8oVIAYOcMG.jpg'],0,0,0,"['cbdc', 'digitalrupee', 'india', 'blockchain']",[],https://twitter.com/pradeeppdamle/status/1495694051387273216,False,,1,https://pbs.twimg.com/media/FMHFw8oVIAYOcMG.jpg,,,,,,,[],,,,
1495660418626469889,1495660418626469889,2022-02-21 12:53:26 India Standard Time,2022-02-21,12:53:26,+0530,1853508032,isangeetaojha,Sangeeta Ojha,,A blockchain-based digital currency will allow RBI to control it at the same time protecting the privacy of the CBDC holder #digitalrupee #CBDC,en,[],[],[],0,0,0,"['digitalrupee', 'cbdc']",[],https://twitter.com/isangeetaojha/status/1495660418626469889,False,https://twitter.com/livemint/status/1495658082990694401,0,,,,,,,,[],,,,
1495656309282447360,1495656309282447360,2022-02-21 12:37:06 India Standard Time,2022-02-21,12:37:06,+0530,3245384348,treelifec,Treelife Consulting,,The Budget and the news around got us wondering what is this new jargon - Digital Rupee.  Let‚Äôs understand what is it and how is it different from cryptocurrency #tlcinfo   #cryptocurrency #digitalrupee #startup #startuplife #Budget2022  https://t.co/LVwWrQMDRJ,en,[],[],"['https://pbs.twimg.com/media/FMGja0xacAAuj_P.jpg', 'https://pbs.twimg.com/media/FMGja0kagAAcUFk.jpg', 'https://pbs.twimg.com/media/FMGja0jaIAEr-8p.jpg']",0,0,0,"['tlcinfo', 'cryptocurrency', 'digitalrupee', 'startup', 'startuplife', 'budget2022']",[],https://twitter.com/treelifec/status/1495656309282447360,False,,1,https://pbs.twimg.com/media/FMGja0xacAAuj_P.jpg,,,,,,,[],,,,
1495645905550471168,1495645346931916803,2022-02-21 11:55:46 India Standard Time,2022-02-21,11:55:46,+0530,68927629,moneycontrolcom,Moneycontrol,,#MCProOpinion: Will we still need commercial banks once the digital rupee is introduced?  Read at:  https://t.co/xSDO5VJYK4  by @sashi31363 | #DigitalRupee #CBDCs,en,"[{'screen_name': 'sashi31363', 'name': 'sashi sivramkrishna', 'id': '2748878090'}]",['https://www.moneycontrol.com/news/opinion/digital-rupee-will-people-still-deposit-money-in-commercial-banks-8141111.html'],[],0,1,0,"['mcproopinion', 'digitalrupee', 'cbdcs']",[],https://twitter.com/moneycontrolcom/status/1495645905550471168,False,,0,,,,,,,,[],,,,
1495611793171189764,1495611793171189764,2022-02-21 09:40:13 India Standard Time,2022-02-21,09:40:13,+0530,1425816492185055249,bitcoins_btcs,BitcoinsÔºàÊñ∞ÊØîÁâπÂπ£Ôºâ,,#India #digitalrupee  #Bitcoins #Bitcoin #BTC #BTCS  Âç∞Â∫¶ÁÇ∫‰∫ÜÊé®Êï∏Â≠óÁõßÊØîÔºåÂ∞ÜÂèØËÉΩÂ∞çÊØîÁâπÂπ£ÂæµÁ®Ö30%  https://t.co/SX1MgNyC38,zh,[],['https://bitcoins.sn/news/231.html'],[],1,0,0,"['india', 'digitalrupee', 'bitcoins', 'bitcoin', 'btc', 'btcs']",[],https://twitter.com/Bitcoins_BTCS/status/1495611793171189764,False,,0,,,,,,,,[],,,,
1495591605775990785,1495591605775990785,2022-02-21 08:20:00 India Standard Time,2022-02-21,08:20:00,+0530,414946220,scroll_in,scroll.in,,#DigitalRupee | What about the privacy and protection of citizens in this virtual financial landscape? What are the environmental costs of digital rupees?    By @BanerjeeShweta   https://t.co/NkYmv39szH,en,"[{'screen_name': 'banerjeeshweta', 'name': 'shweta banerjee', 'id': '521950695'}]",['https://scroll.in/article/1017018/'],[],0,1,5,['digitalrupee'],[],https://twitter.com/scroll_in/status/1495591605775990785,False,,0,,,,,,,,[],,,,
1495480877748477977,1495480877748477977,2022-02-21 01:00:00 India Standard Time,2022-02-21,01:00:00,+0530,414946220,scroll_in,scroll.in,,#digitalrupee: The history of Indian currency shows that monetary revolutions are messy processes  The FM‚Äôs announcement of a new monetary creature is uncannily similar to India‚Äôs transition to paper currency in the 19th century.  https://t.co/NkYmv3r3Yh   By Shweta S Banerjee,en,[],['https://scroll.in/article/1017018/'],[],0,2,2,['digitalrupee'],[],https://twitter.com/scroll_in/status/1495480877748477977,False,,0,,,,,,,,[],,,,
1495453194088075270,1495453194088075270,2022-02-20 23:10:00 India Standard Time,2022-02-20,23:10:00,+0530,414946220,scroll_in,scroll.in,,"#DigitalRupee | If we are moving to an entirely new form of money ‚Äì as a medium of exchange, a store of value, a unit of account, a form of payment ‚Äì we need to understand and participate in this shift, writes @BanerjeeShweta    https://t.co/NkYmv3r3Yh",en,"[{'screen_name': 'banerjeeshweta', 'name': 'shweta banerjee', 'id': '521950695'}]",['https://scroll.in/article/1017018/'],[],0,1,2,['digitalrupee'],[],https://twitter.com/scroll_in/status/1495453194088075270,False,,0,,,,,,,,[],,,,
1495394054074470400,1495394054074470400,2022-02-20 19:15:00 India Standard Time,2022-02-20,19:15:00,+0530,414946220,scroll_in,scroll.in,,#digitalrupee | What will be the ratio of paper money to digital money in circulation? How will this ratio change over time? If the digital and the physical rupee are exchangeable at par who will exchange them for us? Will offline payments be possible?     https://t.co/NkYmv3r3Yh,en,[],['https://scroll.in/article/1017018/'],[],1,1,8,['digitalrupee'],[],https://twitter.com/scroll_in/status/1495394054074470400,False,,0,,,,,,,,[],,,,
1495348973498175491,1495235214821695490,2022-02-20 16:15:52 India Standard Time,2022-02-20,16:15:52,+0530,414946220,scroll_in,scroll.in,,#DigitalRupee | What about the privacy and protection of citizens in this virtual financial landscape? What are the environmental costs of digital rupees?    By @BanerjeeShweta    https://t.co/NkYmv3rBNP,en,"[{'screen_name': 'banerjeeshweta', 'name': 'shweta banerjee', 'id': '521950695'}]",['https://scroll.in/article/1017018/'],[],0,1,4,['digitalrupee'],[],https://twitter.com/scroll_in/status/1495348973498175491,False,,0,,,,,,,,[],,,,
1495344737209163776,1495235214821695490,2022-02-20 15:59:02 India Standard Time,2022-02-20,15:59:02,+0530,414946220,scroll_in,scroll.in,,"#DigitalRupee | If we are moving to an entirely new form of money ‚Äì as a medium of exchange, a store of value, a unit of account, a form of payment ‚Äì we need to understand and participate in this shift, writes @BanerjeeShweta    https://t.co/NkYmv3rBNP",en,"[{'screen_name': 'banerjeeshweta', 'name': 'shweta banerjee', 'id': '521950695'}]",['https://scroll.in/article/1017018/'],[],1,0,3,['digitalrupee'],[],https://twitter.com/scroll_in/status/1495344737209163776,False,,0,,,,,,,,[],,,,
1495342671547998213,1495235214821695490,2022-02-20 15:50:49 India Standard Time,2022-02-20,15:50:49,+0530,414946220,scroll_in,scroll.in,,#digitalrupee | What will be the ratio of paper money to digital money in circulation? How will this ratio change over time? If the digital and the physical rupee are exchangeable at par who will exchange them for us? Will offline payments be possible?     https://t.co/NkYmv3rBNP,en,[],['https://scroll.in/article/1017018/'],[],1,1,1,['digitalrupee'],[],https://twitter.com/scroll_in/status/1495342671547998213,False,,0,,,,,,,,[],,,,
1495288357663830016,1495288357663830016,2022-02-20 12:15:00 India Standard Time,2022-02-20,12:15:00,+0530,414946220,scroll_in,scroll.in,,#digitalrupee: The history of Indian currency shows that monetary revolutions are messy processes  The FM‚Äôs announcement of a new monetary creature is uncannily similar to India‚Äôs transition to paper currency in the 19th century.  https://t.co/NkYmv39szH   By Shweta S Banerjee,en,[],['https://scroll.in/article/1017018/'],[],0,1,4,['digitalrupee'],[],https://twitter.com/scroll_in/status/1495288357663830016,False,,0,,,,,,,,[],,,,
1495280543944126472,1495280543944126472,2022-02-20 11:43:57 India Standard Time,2022-02-20,11:43:57,+0530,521950695,banerjeeshweta,Shweta Banerjee,,I argue here that the #DigitalRupee is a shift in monetary media (paper to virtual) &amp; in the institutional arrangements that create our monetary material. It needs a legal basis.,en,[],[],[],1,10,19,['digitalrupee'],[],https://twitter.com/BanerjeeShweta/status/1495280543944126472,False,https://twitter.com/scroll_in/status/1495258158528405505,0,,,,,,,,[],,,,
1495258158528405505,1495258158528405505,2022-02-20 10:15:00 India Standard Time,2022-02-20,10:15:00,+0530,414946220,scroll_in,scroll.in,,#digitalrupee: The history of Indian currency shows that monetary revolutions are messy processes  The FM‚Äôs announcement of a new monetary creature is uncannily similar to India‚Äôs transition to paper currency in the 19th century.  https://t.co/NkYmv3r3Yh   By Shweta S Banerjee,en,[],['https://scroll.in/article/1017018/'],[],0,1,9,['digitalrupee'],[],https://twitter.com/scroll_in/status/1495258158528405505,False,,0,,,,,,,,[],,,,
1495235214821695490,1495235214821695490,2022-02-20 08:43:49 India Standard Time,2022-02-20,08:43:49,+0530,414946220,scroll_in,scroll.in,,#digitalrupee: The history of Indian currency shows that monetary revolutions are messy processes  The FM‚Äôs announcement of a new monetary creature is uncannily similar to India‚Äôs transition to paper currency in the 19th century.  https://t.co/NkYmv3rBNP   By Shweta S Banerjee,en,[],['https://scroll.in/article/1017018/'],[],3,5,12,['digitalrupee'],[],https://twitter.com/scroll_in/status/1495235214821695490,False,,0,,,,,,,,[],,,,
1494907124039794691,1494907124039794691,2022-02-19 11:00:07 India Standard Time,2022-02-19,11:00:07,+0530,51667665,indianweekender,Indian Weekender,, https://t.co/FvC3yexhRg Indian Weekender‚Äôs Dev Nadkarni spoke to Harshal Chitale on a range of aspects of the new proposed Digital Rupee. Chitale leads economic advice in his role as Principal Economist at the NZ Ministry for the Environment.  #iwk #digitalrupee #india #nz  https://t.co/TfDB0BcYnY,en,[],['https://buff.ly/34PMzy9'],['https://pbs.twimg.com/media/FL76GytWQAM2dCm.jpg'],0,1,1,"['iwk', 'digitalrupee', 'india', 'nz']",[],https://twitter.com/indianweekender/status/1494907124039794691,False,,1,https://pbs.twimg.com/media/FL76GytWQAM2dCm.jpg,,,,,,,[],,,,
1494702021701685257,1494702021701685257,2022-02-18 21:25:06 India Standard Time,2022-02-18,21:25:06,+0530,39310714,investchannel,InvestingChannel,,"Despite announcing plans for a digital Rupee, India has announced a ban on cryptocurrencies in the country.  #India #digitalrupee #IndiaWantsCrypto #Crypto #cryptocurrency #CryptoNews #InternationalNews #NewsUpdate  https://t.co/iglH0EUqCV",en,[],[],[],1,0,0,"['india', 'digitalrupee', 'indiawantscrypto', 'crypto', 'cryptocurrency', 'cryptonews', 'internationalnews', 'newsupdate']",[],https://twitter.com/InvestChannel/status/1494702021701685257,False,,1,https://pbs.twimg.com/ext_tw_video_thumb/1494701338738970628/pu/img/QqtEWMVYavAerMnu.jpg,,,,,,,[],,,,
1494342660345110532,1494337246551425025,2022-02-17 21:37:08 India Standard Time,2022-02-17,21:37:08,+0530,359400737,voice_4_india,Long Live Hindustan üáÆüá≥,,@NetworksManager Congratulations being with Ukraine. What you suggest Bharat looking for #DigitalRupee @summy1957,en,"[{'screen_name': 'summy1957', 'name': 'love_üáÆüá≥', 'id': '259318664'}]",[],[],0,2,3,['digitalrupee'],[],https://twitter.com/Voice_4_India/status/1494342660345110532,False,,0,,,,,,,,"[{'screen_name': 'NetworksManager', 'name': 'Bruce Porter Jr.', 'id': '115681686'}]",,,,
1494288892538900482,1494288892538900482,2022-02-17 18:03:29 India Standard Time,2022-02-17,18:03:29,+0530,3277840789,itstechgraph,TechGraph,,"The introduction of ‚ÄòDigital Rupee‚Äô goes on to show the acceptance of digital currency and digital assets nation-wide &amp; provides a pathway for India to play a more proactive role in the international financial arena: Raghunandan G, CEO, Zolve #DigitalRupee  https://t.co/faOuRT41WQ  https://t.co/not7GYyi1j",en,[],['https://techgraph.co/crypto-currency/budget-2022-23-crypto-blockchain-web3-market-reactions/#:~:text=Raghunandan%20G%2C%20Founder%20%26%20CEO%2C%20Zolve'],['https://pbs.twimg.com/media/FLzH1FjXsAICPyj.jpg'],0,0,0,['digitalrupee'],[],https://twitter.com/itstechgraph/status/1494288892538900482,False,,1,https://pbs.twimg.com/media/FLzH1FjXsAICPyj.jpg,,,,,,,[],,,,
1494287244265459714,1494287244265459714,2022-02-17 17:56:56 India Standard Time,2022-02-17,17:56:56,+0530,3277840789,itstechgraph,TechGraph,,"""The government of India &amp; the finance ministry has taken the exemplary initiative to launch digital currencies, making India truly digital,"" says Ajay Lakhotia, Founder, @stockgro #Crypto #DigitalRupee #cryptocurrency #Budget2022  https://t.co/XXqkXt0YON  https://t.co/k3QG6NhvVf",en,"[{'screen_name': 'stockgro', 'name': 'stockgro', 'id': '1272204864999677952'}]",['https://techgraph.co/crypto-currency/budget-2022-23-crypto-blockchain-web3-market-reactions/#:~:text=Ajay%20Lakhotia%2C%20Founder%2C%20StockGro'],['https://pbs.twimg.com/media/FLzGVKLXMAEtngA.jpg'],1,1,2,"['crypto', 'digitalrupee', 'cryptocurrency', 'budget2022']",[],https://twitter.com/itstechgraph/status/1494287244265459714,False,,1,https://pbs.twimg.com/media/FLzGVKLXMAEtngA.jpg,,,,,,,[],,,,
1494286009860870152,1494286009860870152,2022-02-17 17:52:01 India Standard Time,2022-02-17,17:52:01,+0530,3277840789,itstechgraph,TechGraph,,"""Digital Rupee would reduce the cost of currency management while enabling real-time payments without any inter-bank settlement,"" says SivaGopal M, Founder of MSRcosmos #DigitalRupee #Bank #Budget2022 #Finance   https://t.co/Z7OWwpbBHv  https://t.co/CfOPIJ7CDi",en,[],['https://techgraph.co/crypto-currency/budget-2022-23-crypto-blockchain-web3-market-reactions/#:~:text=SivaGopal%20M%2C%20Founder%20of%20MSRcosmos'],['https://pbs.twimg.com/media/FLzFNTsXMAc-YBe.jpg'],0,0,0,"['digitalrupee', 'bank', 'budget2022', 'finance']",[],https://twitter.com/itstechgraph/status/1494286009860870152,False,,1,https://pbs.twimg.com/media/FLzFNTsXMAc-YBe.jpg,,,,,,,[],,,,
1494284413730963458,1494284413730963458,2022-02-17 17:45:41 India Standard Time,2022-02-17,17:45:41,+0530,3277840789,itstechgraph,TechGraph,,"""The explosive expansion in crypto applications now underway marks the start of a revolution that no organization can afford to ignore,"" says Balaji Kandregula, Vice President, MSRvantage  #Crypto #cryptocurrency #DigitalRupee   https://t.co/TQ7oOlV7wJ  https://t.co/WGR6EP5zYd",en,[],['https://techgraph.co/crypto-currency/budget-2022-23-crypto-blockchain-web3-market-reactions/#:~:text=Balaji%20Kandregula%2C%20Vice%20President%2C%20MSRvantage'],['https://pbs.twimg.com/media/FLzDwYyX0AACIop.jpg'],2,0,0,"['crypto', 'cryptocurrency', 'digitalrupee']",[],https://twitter.com/itstechgraph/status/1494284413730963458,False,,1,https://pbs.twimg.com/media/FLzDwYyX0AACIop.jpg,,,,,,,[],,,,
1494238973782278144,1494238973782278144,2022-02-17 14:45:07 India Standard Time,2022-02-17,14:45:07,+0530,3277840789,itstechgraph,TechGraph,,"""The introduction of the digital Rupee based on blockchain will give a tremendous boost to the whole cryptocurrency and blockchain ecosystem by providing legitimacy and formal acceptance,"" says Akhil Gupta, CTO, @FabAlley #DigitalRupee #blockchain #crypto  https://t.co/ZRulGvoFuV  https://t.co/bWSG5a9rli",en,"[{'screen_name': 'faballey', 'name': 'faballey', 'id': '545057389'}]",['https://techgraph.co/crypto-currency/budget-2022-23-crypto-blockchain-web3-market-reactions/#:~:text=Akhil%20Gupta%2C%20Head%20of%20Technology/CTO%2C%20Faballey'],['https://pbs.twimg.com/media/FLyabbkXEAATKqK.jpg'],1,1,0,"['digitalrupee', 'blockchain', 'crypto']",[],https://twitter.com/itstechgraph/status/1494238973782278144,False,,1,https://pbs.twimg.com/media/FLyabbkXEAATKqK.jpg,,,,,,,[],,,,
1494238349711790085,1494238349711790085,2022-02-17 14:42:38 India Standard Time,2022-02-17,14:42:38,+0530,3277840789,itstechgraph,TechGraph,,"""The introduction of the digital Rupee based on blockchain will give a tremendous boost to the whole cryptocurrency and blockchain ecosystem by providing legitimacy and formal acceptance,"" says Akhil Gupta, CTO, @FabAlley #DigitalRupee #blockchain #crypto  https://t.co/ZRulGvoFuV  https://t.co/TXKM3ft2kr",en,"[{'screen_name': 'faballey', 'name': 'faballey', 'id': '545057389'}]",['https://techgraph.co/crypto-currency/budget-2022-23-crypto-blockchain-web3-market-reactions/#:~:text=Akhil%20Gupta%2C%20Head%20of%20Technology/CTO%2C%20Faballey'],['https://pbs.twimg.com/media/FLyZ3HEXIAIH_1K.jpg'],0,0,0,"['digitalrupee', 'blockchain', 'crypto']",[],https://twitter.com/itstechgraph/status/1494238349711790085,False,,1,https://pbs.twimg.com/media/FLyZ3HEXIAIH_1K.jpg,,,,,,,[],,,,
1494226776775557121,1494226776775557121,2022-02-17 13:56:39 India Standard Time,2022-02-17,13:56:39,+0530,1393589685528662026,nititantra,nititantra,,The Government of India is going to Launch CBDC. What is it all about? #CBDCs #cryptocurrency #CryptoNews #trading #StockMarket #news #Trending #digitalrupee  https://t.co/VteBqR62Sa,en,[],[],"['https://pbs.twimg.com/media/FLyPUebVkAE_D9b.jpg', 'https://pbs.twimg.com/media/FLyPU1VUYAUs1zE.jpg', 'https://pbs.twimg.com/media/FLyPVHhUYAMMHWO.jpg', 'https://pbs.twimg.com/media/FLyPVWuVkAATIn-.jpg']",0,0,0,"['cbdcs', 'cryptocurrency', 'cryptonews', 'trading', 'stockmarket', 'news', 'trending', 'digitalrupee']",[],https://twitter.com/nititantra/status/1494226776775557121,False,,1,https://pbs.twimg.com/media/FLyPUebVkAE_D9b.jpg,,,,,,,[],,,,
1494214427033616384,1494214427033616384,2022-02-17 13:07:35 India Standard Time,2022-02-17,13:07:35,+0530,1387731689858736128,cryptotimes_io,The Crypto Times,,World's largest #Democracy is exploring blockchain technology for its own #CBDC. Read this article to find out how #India plans to introduce #digitalRupee.   #RBI #DigitalCurrency    https://t.co/Ah7nBk87SB,en,[],['https://www.cryptotimes.io/everything-you-ought-to-know-about-the-rbi-digital-currency/'],[],0,2,1,"['democracy', 'cbdc', 'india', 'digitalrupee', 'rbi', 'digitalcurrency']",[],https://twitter.com/CryptoTimes_io/status/1494214427033616384,False,,0,,,,,,,,[],,,,
1494203969891356674,1494203969891356674,2022-02-17 12:26:02 India Standard Time,2022-02-17,12:26:02,+0530,1435568221289992196,dellyranksindia,DellyRanks,,How digital rupee will impact people? What experts say #digitalcurrency #digitalrupee #digitalrupeeimpactpeople  https://t.co/2cl4iLq3vA  https://t.co/2cl4iLq3vA,en,[],"['https://dellyranks.com/how-digital-rupee-will-impact-people-what-experts-say/?feed_id=74605&_unique_id=620df181d9a7c', 'https://dellyranks.com/how-digital-rupee-will-impact-people-what-experts-say/?feed_id=74605&_unique_id=620df181d9a7c']",[],0,0,0,"['digitalcurrency', 'digitalrupee', 'digitalrupeeimpactpeople']",[],https://twitter.com/dellyranksindia/status/1494203969891356674,False,,0,,,,,,,,[],,,,
1494177291034841093,1494177291034841093,2022-02-17 10:40:01 India Standard Time,2022-02-17,10:40:01,+0530,2228021594,vidhi_india,Vidhi Centre For Legal Policy,,"What does it mean for India to launch a #digitalrupee? @ShehnazAhmed (Lead, Fintech) breaks down what considerations the RBI must take into account while launching a central bank digital currency for India, with Aashima Sawhney &amp; Yeesha Shriyan. Watch:  https://t.co/JHWgbVaFfI  https://t.co/mLZm5SXKh2",en,"[{'screen_name': 'shehnazahmed', 'name': 'shehnaz ahmed', 'id': '77745793'}]",['https://buff.ly/3vchsYz'],['https://pbs.twimg.com/media/FLxiU6SWYAAwjPa.jpg'],0,2,4,['digitalrupee'],[],https://twitter.com/Vidhi_India/status/1494177291034841093,False,,1,https://pbs.twimg.com/media/FLxiU6SWYAAwjPa.jpg,,,,,,,[],,,,
1494062929670393858,1494062929670393858,2022-02-17 03:05:35 India Standard Time,2022-02-17,03:05:35,+0530,284577286,twitt_chauhan,ùôçùôñùôüùôöùô®ùôù ùòæùôùùôñùô™ùôùùôñùô£,,#Banking | #digitalrupee in itself will be the underlying payment mode that can be used for digital payments in lieu of currency/cash #CBDC   https://t.co/MEwNSwvI54,en,[],['https://www.livemint.com/industry/banking/how-is-the-digital-rupee-different-from-upi-payments-11644985106593.html'],[],0,0,1,"['banking', 'digitalrupee', 'cbdc']",[],https://twitter.com/twitt_chauhan/status/1494062929670393858,False,,0,,,,,,,,[],,,,
1493865230102933506,1493865230102933506,2022-02-16 14:00:00 India Standard Time,2022-02-16,14:00:00,+0530,1397430333503541249,abpdesam,ABP Desam,,‡∞Ø‡±Ç‡∞™‡±Ä‡∞ê ‡∞ö‡±Ü‡∞≤‡±ç‡∞≤‡∞ø‡∞Ç‡∞™‡±Å‡∞≤‡∞ï‡±Å '‡∞°‡∞ø‡∞ú‡∞ø‡∞ü‡∞≤‡±ç‚Äå ‡∞∞‡±Ç‡∞™‡∞æ‡∞Ø‡∞ø'‡∞ï‡∞ø ‡∞§‡±á‡∞°‡∞æ ‡∞á‡∞¶‡±á! #DigitalRupee  #UPI  #DigitalCurrency  #RBI  https://t.co/wUETPk3Vj6,te,[],['https://telugu.abplive.com/business/personal-finance/rbi-digital-currency-how-digital-rupee-different-from-upi-payments-explained-22747'],[],0,0,1,"['digitalrupee', 'upi', 'digitalcurrency', 'rbi']",[],https://twitter.com/abpdesam/status/1493865230102933506,False,,0,,,,,,,,[],,,,
1493807756104642562,1493807756104642562,2022-02-16 10:11:37 India Standard Time,2022-02-16,10:11:37,+0530,2541264900,expcomputer,Express Computer,,What is #Cryptocurrency - Should one invest in it? -  https://t.co/YwFXH07Bi5 | #technews #technology #futuretech #AI #ML #IT #Cloud #security #digitalcurrency #bitcoin #digitalrupee,en,[],['https://www.expresscomputer.in/news/what-is-cryptocurrency-should-one-invest-in-it/81126/'],[],0,1,1,"['cryptocurrency', 'technews', 'technology', 'futuretech', 'ai', 'ml', 'it', 'cloud', 'security', 'digitalcurrency', 'bitcoin', 'digitalrupee']",[],https://twitter.com/ExpComputer/status/1493807756104642562,False,,0,,,,,,,,[],,,,
1493777609146056705,1493777609146056705,2022-02-16 08:11:49 India Standard Time,2022-02-16,08:11:49,+0530,120269281,vkeykasat,Vikram Kasat,,"The Reserve Bank of India (#RBI) has given its nod to introduce the #digitalrupee. What is the digital rupee, how will it be different from #cryptocurrency and how will it affect us?  Digital Rupee may just be the solution to curbing currency fraud !!   #BitcoinCash #blockchain  https://t.co/1nsf0SW12o",en,[],[],"['https://pbs.twimg.com/media/FLr2zqOUUAMuZxm.jpg', 'https://pbs.twimg.com/media/FLr2zqSVUA0wxuQ.jpg', 'https://pbs.twimg.com/media/FLr2zqGVgAYAGuc.jpg']",0,6,22,"['rbi', 'digitalrupee', 'cryptocurrency', 'bitcoincash', 'blockchain']",[],https://twitter.com/VkeyKasat/status/1493777609146056705,False,,1,https://pbs.twimg.com/media/FLr2zqOUUAMuZxm.jpg,,,,,,,[],,,,
1493609793474686978,1493608395781599232,2022-02-15 21:04:59 India Standard Time,2022-02-15,21:04:59,+0530,2242478546,nmleo1,N Minocha Sandwiched by #COVID & #lockdown viruses,,Why did they not consider #donating this #BigTicket #cheque to #pmcaresfund ?   And why not #electoralbonds ?  Why they didn't delay #donation till launch of #digitalrupee ?  üòáüòÇü•≥Let #GodiMedia #debate such #grave issues,en,[],[],[],0,0,0,"['donating', 'bigticket', 'cheque', 'pmcaresfund', 'electoralbonds', 'donation', 'digitalrupee', 'godimedia', 'debate', 'grave']",[],https://twitter.com/nmleo1/status/1493609793474686978,False,,0,,,,,,,,[],,,,
1493582115857997825,1493582115857997825,2022-02-15 19:15:00 India Standard Time,2022-02-15,19:15:00,+0530,237572296,kpmgindia,KPMG India,,"The arrival of the #digitalrupee will make new models around #neobanking, #wealthtech, and #insurtech more interesting in the future: @san_doshi, @KPMGIndia  https://t.co/K3vJFtTuSG | #fintech",en,"[{'screen_name': 'san_doshi', 'name': 'sanjay doshi', 'id': '736054922504867840'}, {'screen_name': 'kpmgindia', 'name': 'kpmg india', 'id': '237572296'}]",['http://ow.ly/HKMh50HVsbe'],[],0,0,1,"['digitalrupee', 'neobanking', 'wealthtech', 'insurtech', 'fintech']",[],https://twitter.com/KPMGIndia/status/1493582115857997825,False,,0,,,,,,,,[],,,,
1493518993822720001,1493518993822720001,2022-02-15 15:04:11 India Standard Time,2022-02-15,15:04:11,+0530,1312004529743749120,wealthzi_in,Wealthzi,,Here is all you need to know about #digitalrupee which is developing a #digitpayment based on #blockchain and other technologies.  Read on: https://t.co/361bmky0aY  #RBI  https://t.co/5Vma89KhI0,en,[],['https://lnkd.in/gj2QEz-R'],[],0,0,3,"['digitalrupee', 'digitpayment', 'blockchain', 'rbi']",[],https://twitter.com/Wealthzi_in/status/1493518993822720001,False,,1,https://pbs.twimg.com/ext_tw_video_thumb/1493518927326228481/pu/img/zqkTn2fQJHAGtc5U.jpg,,,,,,,[],,,,
1493505368105836547,1493505368105836547,2022-02-15 14:10:02 India Standard Time,2022-02-15,14:10:02,+0530,3378775006,setl_io,SETL,,CBDC: Here‚Äôs what we know about India‚Äôs digital rupee  https://t.co/T3XHLIAThm @TechWireAsia  #CBDC #DigitalRupee,en,"[{'screen_name': 'techwireasia', 'name': 'tech wire asia', 'id': '463659150'}]",['http://ow.ly/RJT750HVcWZ'],[],0,0,0,"['cbdc', 'digitalrupee']",[],https://twitter.com/setl_io/status/1493505368105836547,False,,0,,,,,,,,[],,,,
